{"initial_reset_timestamp": 1592256817.6429722, "timestamps": [1592256817.762198, 1592256817.9624634, 1592256818.0953245, 1592256818.233353, 1592256818.3815339, 1592256818.5611134, 1592256818.728236, 1592256818.941913, 1592256819.1378887, 1592256819.367253, 1592256819.7102334, 1592256820.050875, 1592256820.463268, 1592256820.951109, 1592256821.3916209, 1592256821.9576142, 1592256822.4569423, 1592256823.0229359, 1592256823.6036112, 1592256824.3666348], "episode_lengths": [45, 124, 37, 34, 35, 33, 25, 40, 26, 34, 110, 34, 112, 149, 75, 127, 43, 78, 88, 176], "episode_rewards": [10.0, 10.0, 10.0, 0.0, 10.0, 10.0, 10.0, 10.0, 10.0, 10.0, 10.0, 10.0, 0.0, 0.0, 0.0, 0.0, 10.0, 10.0, 10.0, 0.0], "episode_types": ["t", "t", "t", "t", "t", "t", "t", "t", "t", "t", "t", "t", "t", "t", "t", "t", "t", "t", "t", "t"]}